{
  "entity.villager.work_armorer": {
    "sounds": [
      "mob/villager/haggle1"
       ],
       "replace": true
    },
    "entity.villager.work_butcher":{
    "sounds": [
      "mob/villager/haggle1"
       ],
       "replace": true
    },
    "entity.villager.work_cartographer":{
    "sounds": [
      "mob/villager/haggle1"
       ],
       "replace": true
    },
    "entity.villager.work_cleric":{
    "sounds": [
      "mob/villager/haggle1"
       ],
       "replace": true
    },
    "entity.villager.work_farmer":{
    "sounds": [
      "mob/villager/haggle1"
       ],
       "replace": true
    },
    "entity.villager.work_fisherman":{
    "sounds": [
      "mob/villager/haggle1"
       ],
       "replace": true
    },
    "entity.villager.work_fletcher":{
    "sounds": [
      "mob/villager/haggle1"
       ],
       "replace": true
    },
    "entity.villager.work_leatherworker":{
    "sounds": [
      "mob/villager/haggle1"
       ],
       "replace": true
    },
    "entity.villager.work_librarian":{
    "sounds": [
      "mob/villager/haggle1"
       ],
       "replace": true
    },
    "entity.villager.work_mason":{
    "sounds": [
      "mob/villager/haggle1"
       ],
       "replace": true
    },
    "entity.villager.work_shepherd":{
    "sounds": [
      "mob/villager/haggle1"
       ],
       "replace": true
    },
    "entity.villager.work_toolsmith":{
    "sounds": [
      "mob/villager/haggle1"
       ],
       "replace": true
    },
    "entity.villager.work_weaponsmith":{
    "sounds": [
      "mob/villager/haggle1"
       ],
       "replace": true
    }
}