{
  "entity.villager.ambient": {
    "replace": true,
    "sounds": [
      "mob/fox/idle1",
      "mob/fox/idle3",
      "mob/fox/idle5"
    ]
  },
  "entity.villager.death": {
    "replace": true,
    "sounds": [
      "mob/fox/death1",
      "mob/fox/death2"
    ]
  },
  "entity.villager.no": {
    "replace": true,
    "sounds": [
      "mob/fox/aggro1",
      "mob/fox/aggro2",
      "mob/fox/aggro5"
    ]
  },
  "entity.villager.trade": {
    "replace": true,
    "sounds": [
      "mob/fox/sniff1",
      "mob/fox/sniff3",
      "mob/fox/sniff4"
    ]
  },
  "entity.villager.yes": {
    "replace": true,
    "sounds": [
      "mob/fox/eat1",
      "mob/fox/eat2",
      "mob/fox/eat3"
    ]
  },
  "entity.villager.hurt": {
    "replace": true,
    "sounds": [
      "mob/fox/hurt1",
      "mob/fox/hurt2",
      "mob/fox/hurt3",
      "mob/fox/hurt4"
    ]
  },
  "entity.zombie_villager.ambient": {
    "replace": true,
    "sounds": [
      "mob/fox/aggro1",
      "mob/fox/aggro2",
      "mob/fox/aggro4",
      "mob/fox/aggro5",
      "mob/fox/aggro7"
    ]
  },
  "entity.zombie_villager.death": {
    "replace": true,
    "sounds": [
      "mob/fox/aggro3",
      "mob/fox/aggro6"
    ]
  },
  "entity.zombie_villager.hurt": {
    "replace": true,
    "sounds": [
      "mob/fox/bite2",
      "mob/fox/eat2",
      "mob/fox/eat3"
    ]
  },
  "entity.wandering_trader.ambient": {
    "replace": true,
    "sounds": [
      "mob/fox/idle1",
      "mob/fox/idle3",
      "mob/fox/idle5"
    ]
  },
  "entity.wandering_trader.death": {
    "replace": true,
    "sounds": [
      "mob/fox/death1",
      "mob/fox/death2"
    ]
  },
  "entity.wandering_trader.no": {
    "replace": true,
    "sounds": [
      "mob/fox/aggro1",
      "mob/fox/aggro2",
      "mob/fox/aggro5"
    ]
  },
  "entity.wandering_trader.trade": {
    "replace": true,
    "sounds": [
      "mob/fox/sniff1",
      "mob/fox/sniff3",
      "mob/fox/sniff4"
    ]
  },
  "entity.wandering_trader.yes": {
    "replace": true,
    "sounds": [
      "mob/fox/eat1",
      "mob/fox/eat2",
      "mob/fox/eat3"
    ]
  },
  "entity.wandering_trader.hurt": {
    "replace": true,
    "sounds": [
      "mob/fox/hurt1",
      "mob/fox/hurt2",
      "mob/fox/hurt3",
      "mob/fox/hurt4"
    ]
  },
  "entity.wandering_trader.disappeared": {
    "replace": true,
    "sounds": [
      "mob/endermen/portal2"
    ]
  },
  "entity.wandering_trader.reappeared": {
    "replace": true,
    "sounds": [
      "mob/endermen/portal"
    ]
  },
  "entity.pillager.ambient": {
    "replace": true,
    "sounds": [
      "mob/polarbear/idle1",
      "mob/polarbear/idle2",
      "mob/polarbear/idle3",
      "mob/polarbear/idle4",
      "mob/polarbear_baby/idle3"
    ]
  },
  "entity.pillager.death": {
    "replace": true,
    "sounds": [
      "mob/polarbear/death1",
      "mob/polarbear/death2",
      "mob/polarbear/death3"
    ]
  },
  "entity.pillager.hurt": {
    "replace": true,
    "sounds": [
      "mob/polarbear/hurt1",
      "mob/polarbear/hurt2",
      "mob/polarbear/hurt3",
      "mob/polarbear/hurt4"
    ]
  },
  "entity.pillager.celebrate": {
    "replace": true,
    "sounds": [
      "mob/polarbear/warning1",
      "mob/polarbear/warning2",
      "mob/polarbear/warning3"
    ]
  },
  "entity.vindicator.ambient": {
    "replace": true,
    "sounds": [
      "mob/polarbear/idle1",
      "mob/polarbear/idle2",
      "mob/polarbear/idle3",
      "mob/polarbear/idle4",
      "mob/polarbear_baby/idle3"
    ]
  },
  "entity.vindicator.death": {
    "replace": true,
    "sounds": [
      "mob/polarbear/death1",
      "mob/polarbear/death2",
      "mob/polarbear/death3"
    ]
  },
  "entity.vindicator.hurt": {
    "replace": true,
    "sounds": [
      "mob/polarbear/hurt1",
      "mob/polarbear/hurt2",
      "mob/polarbear/hurt3",
      "mob/polarbear/hurt4"
    ]
  },
  "entity.vindicator.celebrate": {
    "replace": true,
    "sounds": [
      "mob/polarbear/warning1",
      "mob/polarbear/warning2",
      "mob/polarbear/warning3"
    ]
  },
  "entity.evoker.ambient": {
    "replace": true,
    "sounds": [
      "mob/polarbear/idle1",
      "mob/polarbear/idle2",
      "mob/polarbear/idle3",
      "mob/polarbear/idle4",
      "mob/polarbear_baby/idle3"
    ]
  },
  "entity.evoker.death": {
    "replace": true,
    "sounds": [
      "mob/polarbear/death1",
      "mob/polarbear/death2",
      "mob/polarbear/death3"
    ]
  },
  "entity.evoker.hurt": {
    "replace": true,
    "sounds": [
      "mob/polarbear/hurt1",
      "mob/polarbear/hurt2",
      "mob/polarbear/hurt3",
      "mob/polarbear/hurt4"
    ]
  },
  "entity.evoker.celebrate": {
    "replace": true,
    "sounds": [
      "mob/polarbear/warning1",
      "mob/polarbear/warning2",
      "mob/polarbear/warning3"
    ]
  },
  "entity.witch.ambient": {
    "replace": true,
    "sounds": [
      "mob/polarbear/idle1",
      "mob/polarbear/idle2",
      "mob/polarbear/idle3",
      "mob/polarbear/idle4",
      "mob/polarbear_baby/idle3"
    ]
  },
  "entity.witch.death": {
    "replace": true,
    "sounds": [
      "mob/polarbear/death1",
      "mob/polarbear/death2",
      "mob/polarbear/death3"
    ]
  },
  "entity.witch.hurt": {
    "replace": true,
    "sounds": [
      "mob/polarbear/hurt1",
      "mob/polarbear/hurt2",
      "mob/polarbear/hurt3",
      "mob/polarbear/hurt4"
    ]
  },
  "entity.witch.celebrate": {
    "replace": true,
    "sounds": [
      "mob/polarbear/warning1",
      "mob/polarbear/warning2",
      "mob/polarbear/warning3"
    ]
  },
  "entity.illusioner.ambient": {
    "replace": true,
    "sounds": [
      "mob/polarbear/idle1",
      "mob/polarbear/idle2",
      "mob/polarbear/idle3",
      "mob/polarbear/idle4",
      "mob/polarbear_baby/idle3"
    ]
  },
  "entity.illusioner.death": {
    "replace": true,
    "sounds": [
      "mob/polarbear/death1",
      "mob/polarbear/death2",
      "mob/polarbear/death3"
    ]
  },
  "entity.illusioner.hurt": {
    "replace": true,
    "sounds": [
      "mob/polarbear/hurt1",
      "mob/polarbear/hurt2",
      "mob/polarbear/hurt3",
      "mob/polarbear/hurt4"
    ]
  }
}