{
    "variants" : {
        "default" : "normal_sprite:villager.png",
        "minecraft:textures/entity/villager/villager.png%false%desert%farmer%1": "normal_sprite:farmer.png",
        "minecraft:textures/entity/villager/villager.png%false%desert%farmer%2": "normal_sprite:farmer.png",
        "minecraft:textures/entity/villager/villager.png%false%desert%farmer%3": "normal_sprite:farmer.png",
        "minecraft:textures/entity/villager/villager.png%false%desert%farmer%4": "normal_sprite:farmer.png",
        "minecraft:textures/entity/villager/villager.png%false%desert%farmer%5": "normal_sprite:farmer.png",
        "minecraft:textures/entity/villager/villager.png%false%desert%librarian%1": "normal_sprite:librarian.png",
        "minecraft:textures/entity/villager/villager.png%false%desert%librarian%2": "normal_sprite:librarian.png",
        "minecraft:textures/entity/villager/villager.png%false%desert%librarian%3": "normal_sprite:librarian.png",
        "minecraft:textures/entity/villager/villager.png%false%desert%librarian%4": "normal_sprite:librarian.png",
        "minecraft:textures/entity/villager/villager.png%false%desert%librarian%5": "normal_sprite:librarian.png",
        "minecraft:textures/entity/villager/villager.png%false%plains%farmer%1": "normal_sprite:farmer.png",
        "minecraft:textures/entity/villager/villager.png%false%plains%farmer%2": "normal_sprite:farmer.png",
        "minecraft:textures/entity/villager/villager.png%false%plains%farmer%3": "normal_sprite:farmer.png",
        "minecraft:textures/entity/villager/villager.png%false%plains%farmer%4": "normal_sprite:farmer.png",
        "minecraft:textures/entity/villager/villager.png%false%plains%farmer%5": "normal_sprite:farmer.png",
        "minecraft:textures/entity/villager/villager.png%false%plains%librarian%1": "normal_sprite:librarian.png",
        "minecraft:textures/entity/villager/villager.png%false%plains%librarian%2": "normal_sprite:librarian.png",
        "minecraft:textures/entity/villager/villager.png%false%plains%librarian%3": "normal_sprite:librarian.png",
        "minecraft:textures/entity/villager/villager.png%false%plains%librarian%4": "normal_sprite:librarian.png",
        "minecraft:textures/entity/villager/villager.png%false%plains%librarian%5": "normal_sprite:librarian.png",
        "minecraft:textures/entity/villager/villager.png%false%snow%farmer%1": "normal_sprite:farmer.png",
        "minecraft:textures/entity/villager/villager.png%false%snow%farmer%2": "normal_sprite:farmer.png",
        "minecraft:textures/entity/villager/villager.png%false%snow%farmer%3": "normal_sprite:farmer.png",
        "minecraft:textures/entity/villager/villager.png%false%snow%farmer%4": "normal_sprite:farmer.png",
        "minecraft:textures/entity/villager/villager.png%false%snow%farmer%5": "normal_sprite:farmer.png",
        "minecraft:textures/entity/villager/villager.png%false%snow%librarian%1": "normal_sprite:librarian.png",
        "minecraft:textures/entity/villager/villager.png%false%snow%librarian%2": "normal_sprite:librarian.png",
        "minecraft:textures/entity/villager/villager.png%false%snow%librarian%3": "normal_sprite:librarian.png",
        "minecraft:textures/entity/villager/villager.png%false%snow%librarian%4": "normal_sprite:librarian.png",
        "minecraft:textures/entity/villager/villager.png%false%snow%librarian%5": "normal_sprite:librarian.png",
        "minecraft:textures/entity/villager/villager.png%false%taiga%farmer%1": "normal_sprite:farmer.png",
        "minecraft:textures/entity/villager/villager.png%false%taiga%farmer%2": "normal_sprite:farmer.png",
        "minecraft:textures/entity/villager/villager.png%false%taiga%farmer%3": "normal_sprite:farmer.png",
        "minecraft:textures/entity/villager/villager.png%false%taiga%farmer%4": "normal_sprite:farmer.png",
        "minecraft:textures/entity/villager/villager.png%false%taiga%farmer%5": "normal_sprite:farmer.png",
        "minecraft:textures/entity/villager/villager.png%false%taiga%librarian%1": "normal_sprite:librarian.png",
        "minecraft:textures/entity/villager/villager.png%false%taiga%librarian%2": "normal_sprite:librarian.png",
        "minecraft:textures/entity/villager/villager.png%false%taiga%librarian%3": "normal_sprite:librarian.png",
        "minecraft:textures/entity/villager/villager.png%false%taiga%librarian%4": "normal_sprite:librarian.png",
        "minecraft:textures/entity/villager/villager.png%false%taiga%librarian%5": "normal_sprite:librarian.png",
        "minecraft:textures/entity/villager/villager.png%false%savanna%farmer%1": "normal_sprite:farmer.png",
        "minecraft:textures/entity/villager/villager.png%false%savanna%farmer%2": "normal_sprite:farmer.png",
        "minecraft:textures/entity/villager/villager.png%false%savanna%farmer%3": "normal_sprite:farmer.png",
        "minecraft:textures/entity/villager/villager.png%false%savanna%farmer%4": "normal_sprite:farmer.png",
        "minecraft:textures/entity/villager/villager.png%false%savanna%farmer%5": "normal_sprite:farmer.png",
        "minecraft:textures/entity/villager/villager.png%false%savanna%librarian%1": "normal_sprite:librarian.png",
        "minecraft:textures/entity/villager/villager.png%false%savanna%librarian%2": "normal_sprite:librarian.png",
        "minecraft:textures/entity/villager/villager.png%false%savanna%librarian%3": "normal_sprite:librarian.png",
        "minecraft:textures/entity/villager/villager.png%false%savanna%librarian%4": "normal_sprite:librarian.png",
        "minecraft:textures/entity/villager/villager.png%false%savanna%librarian%5": "normal_sprite:librarian.png"
    },
    "modelConfigs" : [
		{
			"baseScale" : 1,
			"rotationY" : 0,
			"rotationX" : 0,
			"rotationZ" : 0,
			"offsetX" : 0,
			"offsetY" : 0,
			"modelMainPartFieldAliases" : [
				"entity.villager.name;head"
			],
			"renderingFullModel" : false,
			"modelPartsRotationReset" : false,
			"layersAllowed" : true
		}
	]
}